{
    "header": [
        " *   ",
        " *   如非需要调试，本文件可删除",
        " *   非专业人员可将本文件删除",
        " *   详细介绍请参考: https://bazhan.me/faq#INFO-JSON",
        " *   "
    ],
    "resources": [
        {
            "url": "https://blog.icecliffs.me/mikutap",
            "path": "index.html",
            "saved": true,
            "size": 2571,
            "children": [
                {
                    "url": "https://cdnjs.cat.net/ajax/libs/jquery/2.2.4/jquery.min.js",
                    "path": "js/jquery.min.js",
                    "saved": true,
                    "size": 85578,
                    "children": []
                },
                {
                    "url": "https://cdnjs.cat.net/ajax/libs/pixi.js/3.0.11/pixi.min.js",
                    "path": "js/pixi.min.js",
                    "saved": true,
                    "size": 0,
                    "children": []
                },
                {
                    "url": "https://cdnjs.cat.net/ajax/libs/gsap/1.19.1/TweenMax.min.js",
                    "path": "js/TweenMax.min.js",
                    "saved": true,
                    "size": 112880,
                    "children": []
                },
                {
                    "url": "https://blog.icecliffs.me/mikutap/shared/js/common-2.min.js",
                    "path": "js/common-2.min.js",
                    "saved": true,
                    "size": 26367,
                    "children": []
                },
                {
                    "url": "https://blog.icecliffs.me/mikutap/js/mikutap.min.js",
                    "path": "js/mikutap.min.js",
                    "saved": true,
                    "size": 0,
                    "children": []
                },
                {
                    "url": "https://static.cloudflareinsights.com/beacon.min.js/v652eace1692a40cfa3763df669d7439c1639079717194",
                    "path": "js/v652eace1692a40cfa3763df669d7439c1639079717194.js",
                    "saved": true,
                    "size": 13970,
                    "children": []
                },
                {
                    "url": "https://fonts.loli.net/css?family=Quicksand:400",
                    "path": "css/css.css",
                    "saved": true,
                    "size": 973,
                    "children": [
                        {
                            "url": "https://gstatic.loli.net/s/quicksand/v24/6xK-dSZaM9iE8KbpRA_LJ3z8mH9BOJvgkP8o58m-wi40.woff2",
                            "path": "fonts/6xK-dSZaM9iE8KbpRA_LJ3z8mH9BOJvgkP8o58m-wi40.woff2",
                            "saved": true,
                            "size": 0,
                            "children": []
                        },
                        {
                            "url": "https://gstatic.loli.net/s/quicksand/v24/6xK-dSZaM9iE8KbpRA_LJ3z8mH9BOJvgkP8o58i-wi40.woff2",
                            "path": "fonts/6xK-dSZaM9iE8KbpRA_LJ3z8mH9BOJvgkP8o58i-wi40.woff2",
                            "saved": true,
                            "size": 0,
                            "children": []
                        },
                        {
                            "url": "https://gstatic.loli.net/s/quicksand/v24/6xK-dSZaM9iE8KbpRA_LJ3z8mH9BOJvgkP8o58a-wg.woff2",
                            "path": "fonts/6xK-dSZaM9iE8KbpRA_LJ3z8mH9BOJvgkP8o58a-wg.woff2",
                            "saved": true,
                            "size": 0,
                            "children": []
                        }
                    ]
                },
                {
                    "url": "https://blog.icecliffs.me/mikutap/shared/sp/css/common.css",
                    "path": "css/common.css",
                    "saved": true,
                    "size": 1791,
                    "children": []
                },
                {
                    "url": "https://blog.icecliffs.me/mikutap/css/mikutap.css",
                    "path": "css/mikutap.css",
                    "saved": true,
                    "size": 2767,
                    "children": []
                },
                {
                    "url": "https://blog.icecliffs.me/icon.png",
                    "saved": false
                }
            ]
        }
    ],
    "alias": "blog-icecliffs-me-mi7w2e2",
    "info": {
        "request": {
            "headers": {
                "accept": "text/html,*/*",
                "accept-language": "zh-CN,zh;q=0.9",
                "accept-encoding": "gzip",
                "cache-control": "no-cache",
                "cookie": "",
                "referer": "https://fonts.loli.net/css?family=Quicksand:400",
                "user-agent": "Mozilla/5.0 (Windows NT 10.0; Win64; x64) AppleWebKit/537.36 (KHTML, like Gecko) Chrome/78.0.3904.108 Safari/537.36",
                "x-scraper-website": "https://bazhan.me/"
            }
        },
        "response": {
            "redirects": [],
            "responseUrl": "https://blog.icecliffs.me/mikutap",
            "statusCode": 200,
            "headers": {
                "date": "Thu, 13 Jan 2022 11:25:49 GMT",
                "content-type": "text/html",
                "transfer-encoding": "chunked",
                "connection": "close",
                "last-modified": "Sun, 26 Dec 2021 13:16:42 GMT",
                "vary": "Accept-Encoding",
                "cf-cache-status": "DYNAMIC",
                "expect-ct": "max-age=604800, report-uri=\"https://report-uri.cloudflare.com/cdn-cgi/beacon/expect-ct\"",
                "report-to": "{\"endpoints\":[{\"url\":\"https:\\/\\/a.nel.cloudflare.com\\/report\\/v3?s=lfrgPY5EKTIauRc3W4jE5bNlXAADX8bwjE0SQDKx%2BBNtigtEnNjCpCSVMdJq9WJMzriFPAoRsa0CPiwwFQz2E0z7ZjxBlpRgq7d2YG2OWgJaSfn%2FJpo9Z497RmL9oS%2FQ%2B7jxuw%3D%3D\"}],\"group\":\"cf-nel\",\"max_age\":604800}",
                "nel": "{\"success_fraction\":0,\"report_to\":\"cf-nel\",\"max_age\":604800}",
                "server": "cloudflare",
                "cf-ray": "6cce441d0c2e80f0-NRT",
                "alt-svc": "h3=\":443\"; ma=86400, h3-29=\":443\"; ma=86400, h3-28=\":443\"; ma=86400, h3-27=\":443\"; ma=86400"
            }
        },
        "time": {
            "start": "2022-01-13T11:25:48.833Z",
            "end": "2022-01-13T11:25:55.969Z"
        },
        "remark": [],
        "title": "Mikutap",
        "ip": "104.21.33.48",
        "url": "https://blog.icecliffs.me/mikutap",
        "main": "index.html",
        "domain": "blog.icecliffs.me",
        "origin": "https://blog.icecliffs.me",
        "totalSize": "247 kB"
    },
    "options": {
        "formatter": [
            "html",
            "css",
            "js",
            "saveOriginal"
        ],
        "url": "https://blog.icecliffs.me/mikutap",
        "referer": "",
        "cookies": "",
        "userAgent": "Mozilla/5.0 (Windows NT 10.0; Win64; x64) AppleWebKit/537.36 (KHTML, like Gecko) Chrome/78.0.3904.108 Safari/537.36",
        "filenameGenerator": "byType"
    }
}